Level,Song,Score,Performance,Difficulty,Details_Number
☆12,#CMFLG(ANOTHER),459,A75.86%(AA - 60),HARD,2370
☆12,-65℃(ANOTHER),,,,0
☆12,199024club -Re:BounceKiller-(ANOTHER),839,AA79.01%(AA + 29),HARD,1912
☆12,1st Samurai(ANOTHER),1255,B62.51%(A - 121),EASY,1819
☆12,2 Beasts Unchained(ANOTHER),576,A67.37%(A + 24),FAILED,2339
☆12,24h Endurance Race(ANOTHER),560,A67.62%(A + 36),EASY,2590
☆12,255(ANOTHER),456,AA81.23%(AA + 109),CLEAR,2583
☆12,3y3s(ANOTHER),948,AA78.0%(AA + 8),HARD,2936
☆12,[ ]DENTITY(ANOTHER),587,A70.25%(A + 143),FAILED,2810
☆12,A(ANOTHER),642,AA78.26%(AA + 12),EASY,2102
☆12,AA(ANOTHER),834,A76.62%(AA - 41),CLEAR,2665
☆12,AA -rebuild-(ANOTHER),1339,A68.18%(A + 53),EASY,2389
☆12,ABSOLUTE EVIL(ANOTHER),724,A76.35%(AA - 52),EASY,2776
☆12,Adularia(ANOTHER),1074,A74.17%(AA - 100),EASY,2050
☆12,Afterimage d'automne(ANOTHER),314,AA86.29%(AAA - 81),HARD,2682
☆12,Aftermath(ANOTHER),542,AA81.74%(AA + 140),EASY,2905
☆12,AIR RAID FROM THA UNDAGROUND(LEGGENDARIA),598,A72.02%(A + 161),HARD,2165
☆12,AKASHIC BREAK(ANOTHER),1601,A71.7%(A + 178),EASY,2534
☆12,Almagest(ANOTHER),,,,0
☆12,ALTERNATOR(ANOTHER),876,AA77.92%(AA + 5),EASY,3025
☆12,Always We Trust In You(ANOTHER),494,A75.56%(AA - 75),EASY,2557
☆12,Amazing Mirage(LEGGENDARIA),1462,A71.24%(A + 153),EASY,2381
☆12,Ambivalent Vermilia(ANOTHER),383,A66.98%(A + 13),FAILED,2820
☆12,ANCHOR(ANOTHER),1219,A73.33%(AA - 163),EASY,2684
☆12,Ancient Scapes(ANOTHER),1074,A70.25%(A + 138),EASY,2713
☆12,Ancient Scapes(LEGGENDARIA),1229,C53.33%(B - 102),FAILED,2437
☆12,Angel's Ladder(ANOTHER),529,A73.17%(AA - 166),CLEAR,2634
☆12,"Anisakis -somatic mutation type""Forza""-(ANOTHER)",969,AA81.04%(AA + 104),HARD,2598
☆12,"Anisakis -somatic mutation type""Forza""-(LEGGENDARIA)",,,,0
☆12,anthracene(ANOTHER),508,A77.22%(AA - 19),EASY,2579
☆12,Antigravity(ANOTHER),622,AA79.28%(AA + 44),HARD,2326
☆12,AO-1(ANOTHER),669,AA84.62%(AAA - 125),HARD,2464
☆12,Apocalypse(ANOTHER),922,A76.01%(AA - 69),EASY,2969
☆12,Arabian Rave Night(LEGGENDARIA),979,A72.8%(AA - 199),EASY,2899
☆12,Arca(ANOTHER),664,AA79.83%(AA + 65),HARD,2564
☆12,Arkadia(ANOTHER),738,B66.24%(A - 16),EASY,2480
☆12,Artist(ANOTHER),555,A70.15%(A + 134),EASY,2698
☆12,ASIAN VIRTUAL REALITIES (MELTING TOGETHER IN DAZZLING DARKNESS)(ANOTHER),658,A73.5%(AA - 145),HARD,2480
☆12,ATHER(LEGGENDARIA),359,AA77.82%(AA + 1),EASY,2523
☆12,B.O.D.Y.(ANOTHER),1073,A68.03%(A + 45),EASY,2260
☆12,B4U(BEMANI FOR YOU MIX)(LEGGENDARIA),1014,A69.89%(A + 128),EASY,2776
☆12,BabeL ～Grand Story～(ANOTHER),521,AA82.99%(AA + 158),HARD,2518
☆12,Bad Encryption(ANOTHER),,,,0
☆12,Bad Maniacs(ANOTHER),1134,B62.52%(A - 134),FAILED,2008
☆12,Battle Train -IIDX Edition-(ANOTHER),879,A75.04%(AA - 107),HARD,2925
☆12,Be OK(ANOTHER),1046,AA78.74%(AA + 33),HARD,2704
☆12,Be quiet(LEGGENDARIA),,,,0
☆12,BEAT PRISONER(ANOTHER),930,A75.57%(AA - 78),EASY,2648
☆12,Beat Radiance(LEGGENDARIA),1003,AA84.95%(AAA - 149),EASY,3206
☆12,Beyond Evolution(ANOTHER),,,,0
☆12,BIGWAVERS(ANOTHER),466,A76.73%(AA - 38),EASY,2727
☆12,BIGソムタム(ANOTHER),616,AAA89.67%(AAA + 26),HARD,3074
☆12,Binary Black Hole(ANOTHER),,,,0
☆12,BLACK or WHITE?(ANOTHER),768,A71.99%(A + 208),EASY,2822
☆12,BLACK.by X-Cross Fade(ANOTHER),1156,A77.48%(AA - 11),EASY,2729
☆12,BLOCKS(ANOTHER),872,AA79.52%(AA + 34),HARD,1592
☆12,BLUE DRAGON(雷龍RemixIIDX)(LEGGENDARIA),504,AA80.55%(AA + 98),EASY,2858
☆12,Blue Rain(LEGGENDARIA),,,,0
☆12,Blue Spring Express(ANOTHER),1465,A68.95%(A + 73),EASY,2209
☆12,Boomy and The Boost(ANOTHER),995,AA79.23%(AA + 52),FAILED,2849
☆12,BRAINSTORM(ANOTHER),951,AA79.46%(AA + 50),HARD,2376
☆12,BroGamer(LEGGENDARIA),846,B63.68%(A - 140),FAILED,2983
☆12,Broken(ANOTHER),1115,AA80.95%(AA + 90),HARD,2299
☆12,Broken Sword(ANOTHER),919,A74.67%(AA - 119),EASY,2854
☆12,Burning Flame(LEGGENDARIA),650,A68.75%(A + 81),EASY,2673
☆12,CADENZA(ANOTHER),,,,0
☆12,Candy Galy(ANOTHER),591,AA84.42%(AAA - 121),HARD,2276
☆12,Candy Galy(LEGGENDARIA),589,A75.11%(AA - 100),FAILED,2812
☆12,Carmina(ANOTHER),942,B63.3%(A - 135),FAILED,2532
☆12,Carry Me Away(ANOTHER),787,AA81.57%(AA + 118),HARD,2558
☆12,Catch Our Fire!(ANOTHER),884,A73.54%(AA - 160),EASY,2777
☆12,Caterpillar(ANOTHER),1369,A72.61%(AA - 174),EASY,2441
☆12,chaos eater -IIDX edition-(ANOTHER),463,AA88.56%(AAA - 10),HARD,2554
☆12,Chaotoxin(ANOTHER),481,A74.11%(AA - 128),EASY,2588
☆12,Cheer Train(ANOTHER),612,A76.93%(AA - 23),ASSIST,2011
☆12,CHRONO DIVER -NORNIR-(LEGGENDARIA),,,,0
☆12,Chrono Diver -PENDULUMs-(ANOTHER),1117,B57.16%(B + 71),FAILED,2540
☆12,cinder(ANOTHER),686,AA80.19%(AA + 85),HARD,2829
☆12,Close the World feat.a☆ru(ANOTHER),691,AA82.24%(AA + 143),HARD,2648
☆12,Close the World feat.a☆ru(LEGGENDARIA),793,A72.34%(AA - 202),EASY,2678
☆12,CODE:0(LEGGENDARIA),212,A71.54%(A + 185),EASY,2727
☆12,CODE:1 [revision1.0.1](ANOTHER),1430,C53.56%(B - 68),FAILED,1805
☆12,Colorful Cookie(ANOTHER),733,AA87.91%(AAA - 36),HARD,3184
☆12,Colors (radio edit)(ANOTHER),972,A72.95%(AA - 122),HARD,1831
☆12,Concertino in Blue(ANOTHER),673,A75.93%(AA - 53),EASY,2164
☆12,Confiserie(ANOTHER),918,A68.73%(A + 80),FAILED,2664
☆12,CONTRACT(ANOTHER),834,A70.57%(A + 82),EASY,1482
☆12,CONTRACT(LEGGENDARIA),,,,0
☆12,Cosmic Cat(LEGGENDARIA),991,A73.44%(AA - 152),EASY,2566
☆12,COSMIC RAY(ANOTHER),778,B62.51%(A - 123),EASY,1839
☆12,Dahlia(ANOTHER),321,AA80.06%(AA + 73),HARD,2562
☆12,Dances with Snow Fairies(ANOTHER),656,A71.97%(A + 196),HARD,2660
☆12,Dances with Snow Fairies(LEGGENDARIA),,,,0
☆12,Dans la nuit de l'eternite(ANOTHER),717,A73.49%(AA - 159),EASY,2719
☆12,DARK LEGACY(ANOTHER),1028,A75.36%(AA - 90),EASY,2793
☆12,dAuntl3ss(ANOTHER),960,A70.68%(A + 142),FAILED,2502
☆12,Dawn Saga(ANOTHER),576,AA81.61%(AA + 107),HARD,2295
☆12,DAY DREAM(ANOTHER),594,A66.85%(A + 3),EASY,1361
☆12,DEADHEAT(ANOTHER),1027,A73.22%(AA - 161),EASY,2573
☆12,DEATH†ZIGOQ ～怒りの高速爆走野郎～(ANOTHER),698,A74.06%(AA - 149),EASY,2961
☆12,Despair of ELFERIA(ANOTHER),496,AA85.29%(AAA - 156),HARD,3676
☆12,Devil's Gear(ANOTHER),1039,A75.53%(AA - 80),EASY,2692
☆12,Devilz Staircase(ANOTHER),949,A67.47%(A + 26),EASY,2178
☆12,DIAMOND CROSSING(ANOTHER),589,A74.15%(AA - 122),FAILED,2493
☆12,DIAVOLO(ANOTHER),1105,B65.39%(A - 47),FAILED,2396
☆12,dica dica(ANOTHER),607,A70.21%(A + 116),CLEAR,2303
☆12,Do it!! Do it!!(ANOTHER),736,A70.47%(A + 74),EASY,1384
☆12,DOMINION(ANOTHER),790,AA83.2%(AA + 176),EASY,2714
☆12,Don't believe the hype(ANOTHER),877,A75.41%(AA - 75),EASY,2371
☆12,DORNWALD ～Junge～(ANOTHER),1017,A67.99%(A + 49),EASY,2544
☆12,Double Dribble(ANOTHER),900,AA86.45%(AAA - 92),HARD,3240
☆12,Dr. Chemical & Killing Machine(ANOTHER),735,A74.99%(AA - 108),FAILED,2878
☆12,Drastic Dramatic(ANOTHER),902,AA78.92%(AA + 39),HARD,2740
☆12,DropZ-Line-(ANOTHER),990,B63.16%(A - 125),FAILED,2237
☆12,DUAL STRIKER(ANOTHER),674,A74.68%(AA - 121),EASY,2914
☆12,DUE TOMORROW(ANOTHER),652,B59.69%(B + 127),EASY,1842
☆12,DXY!(HYPER),769,A76.95%(AA - 22),EASY,2050
☆12,DXY!(ANOTHER),654,A68.48%(A + 55),FAILED,2094
☆12,Dynamite(ANOTHER),1051,AA80.21%(AA + 101),CLEAR,3343
☆12,EBONY & IVORY(ANOTHER),760,A74.98%(AA - 88),FAILED,2362
☆12,EBONY & IVORY(LEGGENDARIA),,,,0
☆12,ECHIDNA(ANOTHER),915,B65.2%(A - 54),FAILED,2376
☆12,Eine Haube ～聖地の果てにあるもの～(ANOTHER),651,AA80.94%(AA + 85),HARD,2179
☆12,Elektrick U-Phoria(ANOTHER),743,A75.78%(AA - 71),HARD,2672
☆12,Elektrick U-Phoria(LEGGENDARIA),,,,0
☆12,Elemental Creation(ANOTHER),956,B66.13%(A - 24),FAILED,2939
☆12,EMERALDAS(ANOTHER),,,,0
☆12,Empire of Fury(ANOTHER),915,A75.2%(AA - 84),EASY,2435
☆12,encounter(ANOTHER),757,AA79.96%(AA + 74),HARD,2733
☆12,entelecheia(ANOTHER),974,A75.59%(AA - 78),EASY,2688
☆12,era (nostalmix)(HYPER),364,AA88.29%(AAA - 12),HARD,1681
☆12,era (nostalmix)(ANOTHER),949,A71.17%(A + 110),EASY,1745
☆12,era (step mix)(ANOTHER),345,AA79.32%(AA + 37),EASY,1945
☆12,eRAseRmOToRpHAntOM(ANOTHER),551,A75.78%(AA - 72),EASY,2725
☆12,EROICA(ANOTHER),788,A68.64%(A + 93),FAILED,3244
☆12,EVANESCENT(ANOTHER),713,A73.63%(AA - 152),HARD,2680
☆12,Evans(ANOTHER),556,AA85.71%(AAA - 92),HARD,2465
☆12,Everlasting Message(ANOTHER),446,A74.4%(AA - 121),EASY,2650
☆12,EXUSIA(ANOTHER),579,AA79.87%(AA + 83),HARD,3163
☆12,F(ANOTHER),1117,B66.62%(A - 2),EASY,2345
☆12,FAKE TIME(HYPER),,,HARD,0
☆12,FAKE TIME(ANOTHER),903,AA84.13%(AAA - 113),EASY,1982
☆12,fallen leaves -IIDX edition-(ANOTHER),719,A72.87%(AA - 180),FAILED,2670
☆12,FANTASTIC THREE(ANOTHER),685,A76.03%(AA - 63),EASY,2728
☆12,Fascination MAXX(ANOTHER),776,A69.88%(A + 75),HARD,1631
☆12,Feel The Beat(LEGGENDARIA),1625,B63.38%(A - 124),EASY,2382
☆12,Fegrix(ANOTHER),959,A72.6%(AA - 187),EASY,2618
☆12,fffff(ANOTHER),859,A67.82%(A + 39),EASY,2310
☆12,Fire Beat(ANOTHER),423,A76.31%(AA - 44),HARD,2271
☆12,Flashes(ANOTHER),1518,B62.06%(A - 193),FAILED,2594
☆12,FLOWER(ANOTHER),784,AA82.08%(AA + 128),HARD,2451
☆12,Flying Castle(ANOTHER),922,A69.85%(A + 120),EASY,2639
☆12,four pieces of heaven(ANOTHER),654,A67.68%(A + 25),EASY,1711
☆12,four pieces of heaven(LEGGENDARIA),,,,0
☆12,frequent(ANOTHER),765,A74.08%(AA - 135),EASY,2698
☆12,Friction[!]Function(ANOTHER),1067,A71.25%(A + 141),HARD,2203
☆12,FUZIN RIZIN(ANOTHER),490,AA84.67%(AAA - 163),HARD,3270
☆12,G2(ANOTHER),762,A75.38%(AA - 66),EASY,2076
☆12,G59(ANOTHER),785,A71.43%(A + 190),EASY,2857
☆12,GAIA(ANOTHER),883,A68.26%(A + 59),CLEAR,2531
☆12,GALGALIM(ANOTHER),614,AA79.28%(AA + 36),EASY,1898
☆12,GAME ON(ANOTHER),383,AA84.05%(AAA - 155),EASY,2676
☆12,Ganymede(ANOTHER),774,AA80.85%(AA + 83),HARD,2204
☆12,Ganymede(LEGGENDARIA),553,AA78.32%(AA + 15),EASY,2179
☆12,garden(ANOTHER),525,AA82.34%(AA + 127),CLEAR,2299
☆12,GENE(ANOTHER),776,A77.77%(AA - 1),HARD,3089
☆12,GENOCIDE(HYPER),781,A67.46%(A + 19),EASY,1634
☆12,GENOCIDE(ANOTHER),571,A69.06%(A + 69),EASY,2011
☆12,Ghost Pulse(ANOTHER),431,AA78.84%(AA + 30),HARD,2239
☆12,GHOST REVIVAL(ANOTHER),849,A71.15%(A + 126),HARD,2005
☆12,GIGA THRASH(ANOTHER),935,A77.48%(AA - 9),EASY,2329
☆12,gigadelic(HYPER),346,AA81.98%(AA + 93),HARD,1820
☆12,gigadelic(ANOTHER),427,AA80.99%(AA + 86),HARD,2177
☆12,GiGaGaHell(ANOTHER),718,A71.8%(A + 163),HARD,2289
☆12,GIGANT(LEGGENDARIA),762,A77.48%(AA - 9),EASY,2295
☆12,glacia(ANOTHER),598,A77.59%(AA - 6),EASY,2323
☆12,Glitch N Ride(ANOTHER),717,E31.28%(D - 56),FAILED,844
☆12,Go Ahead!!(ANOTHER),863,A69.35%(A + 75),FAILED,1946
☆12,Go Beyond!!(ANOTHER),1068,A67.94%(A + 27),CLEAR,1477
☆12,GO OVER WITH GLARE -ROOTAGE 26-(ANOTHER),617,A74.76%(AA - 107),EASY,2645
☆12,GOBBLE(HYPER),493,A71.48%(A + 88),FAILED,1311
☆12,Godspeed(ANOTHER),697,A76.22%(AA - 54),CLEAR,2602
☆12,GOLDEN CROSS(ANOTHER),855,A75.21%(AA - 79),HARD,2300
☆12,Grand Chariot(ANOTHER),1020,A68.73%(A + 77),FAILED,2565
☆12,Gravigazer(ANOTHER),1085,A72.11%(A + 166),HARD,2198
☆12,GRAVITON(ANOTHER),462,A76.17%(AA - 59),FAILED,2762
☆12,GRID KNIGHT(LEGGENDARIA),385,AA80.59%(AA + 104),EASY,2990
☆12,GuNGNiR(ANOTHER),1039,B65.54%(A - 49),FAILED,2851
☆12,GuNGNiR(LEGGENDARIA),,,,0
☆12,HADES(ANOTHER),1022,AA81.75%(AA + 124),HARD,2557
☆12,HAERETICUS(ANOTHER),975,A70.49%(A + 117),EASY,2164
☆12,HARD BRAIN(ANOTHER),885,A75.96%(AA - 70),HARD,2891
☆12,hard-wired(ANOTHER),,,,0
☆12,Hat Surprise (Season 2)(ANOTHER),452,AA80.77%(AA + 101),HARD,2751
☆12,Highcharge Divolt(ANOTHER),471,AA86.48%(AAA - 69),HARD,2475
☆12,Holic(ANOTHER),736,A74.38%(AA - 78),EASY,1690
☆12,Hollywood Galaxy(ANOTHER),599,AA78.52%(AA + 20),EASY,2164
☆12,HYPE THE CORE(ANOTHER),736,A73.97%(AA - 143),FAILED,2768
☆12,I(ANOTHER),514,A74.05%(AA - 141),EASY,2799
☆12,I will be back -オレは帰ってきた-(ANOTHER),983,A72.72%(AA - 153),EASY,2199
☆12,ICARUS(ANOTHER),395,A75.37%(AA - 65),HARD,2014
☆12,ICARUS(LEGGENDARIA),628,B60.05%(B + 179),FAILED,2402
☆12,Idola(ANOTHER),875,AA78.38%(AA + 22),EASY,2936
☆12,Ignis†Irae(ANOTHER),520,A71.49%(A + 190),FAILED,2814
☆12,Illegal Function Call(LEGGENDARIA),,,,0
☆12,Illusionary Waterlily(ANOTHER),967,A73.56%(AA - 147),EASY,2560
☆12,INAZUMA(ANOTHER),776,A75.13%(AA - 83),EASY,2335
☆12,Inferno of Fomalhaut(ANOTHER),689,A69.18%(A + 86),FAILED,2384
☆12,Infinite cave(ANOTHER),710,AA84.13%(AAA - 146),HARD,2566
☆12,Initiation(ANOTHER),,,,0
☆12,innocent revolver(ANOTHER),647,A74.59%(AA - 126),EASY,2930
☆12,Innocent Walls(ANOTHER),952,A77.11%(AA - 21),EASY,2395
☆12,INORI(ANOTHER),532,A77.63%(AA - 6),HARD,2686
☆12,INSOMNIA(ANOTHER),969,A70.44%(A + 130),EASY,2426
☆12,Invitation from Mr.C(ANOTHER),590,AA78.56%(AA + 21),HARD,2198
☆12,invoker(ANOTHER),573,AA81.37%(AA + 119),CLEAR,2700
☆12,invoker(LEGGENDARIA),824,A73.38%(AA - 156),EASY,2602
☆12,IX(ANOTHER),999,B64.71%(A - 82),FAILED,2714
☆12,JOMANDA(ANOTHER),934,A67.71%(A + 37),EASY,2451
☆12,JUSTICE/GUILTY feat. Nana Takahashi & 709sec.(ANOTHER),740,AA81.9%(AA + 157),EASY,3127
☆12,Kailua(ANOTHER),421,AA84.78%(AAA - 93),HARD,1899
☆12,KAISER PHOENIX(LEGGENDARIA),,,,0
☆12,KAMAITACHI(ANOTHER),811,A77.41%(AA - 13),HARD,2573
☆12,KAMAITACHI(LEGGENDARIA),,,,0
☆12,Karma(ANOTHER),702,AA83.98%(AAA - 125),EASY,2128
☆12,KILL EACH OTHER(ANOTHER),720,A74.4%(AA - 128),EASY,2811
☆12,KING(LEGGENDARIA),452,AA81.52%(AA + 151),HARD,3300
☆12,kors k's How to make OTOGE CORE 「LONG」(ANOTHER),434,AA79.45%(AA + 62),EASY,2954
☆12,Kung-fu Empire(LEGGENDARIA),1197,A75.96%(AA - 73),EASY,3037
☆12,L.F.O(ANOTHER),646,A75.87%(AA - 65),EASY,2575
☆12,LASER CRUSTER(ANOTHER),1162,A68.56%(A + 65),EASY,2360
☆12,LASER CRUSTER (IGNITE REMIX)(ANOTHER),1196,A68.76%(A + 71),EASY,2338
☆12,Last Dance(ANOTHER),1298,B64.15%(A - 85),EASY,2153
☆12,Lethal Weapon(ANOTHER),1191,A71.44%(A + 160),EASY,2406
☆12,Level 2(ANOTHER),534,A73.84%(AA - 123),FAILED,2298
☆12,Level 3(ANOTHER),811,A73.09%(AA - 173),FAILED,2697
☆12,Level 4(ANOTHER),578,A69.57%(A + 109),FAILED,2620
☆12,Level One(ANOTHER),1351,A67.04%(A + 14),EASY,2510
☆12,Liberation(ANOTHER),509,AA83.72%(AAA - 181),HARD,2920
☆12,"Life Is A Game ft.DD""ナカタ""Metal(ANOTHER)",470,AA82.12%(AA + 144),HARD,2738
☆12,LIGHTNING STRIKES(ANOTHER),753,AA78.11%(AA + 11),HARD,2754
☆12,Little Little Princess(LEGGENDARIA),572,AA81.67%(AA + 158),FAILED,3324
☆12,Little Star(ANOTHER),717,A75.09%(AA - 91),HARD,2517
☆12,LIVE DRIVING!! feat. 花たん(ANOTHER),772,AA81.49%(AA + 147),EASY,3240
☆12,LOCUS OF THE TRAVEL(ANOTHER),532,A73.58%(AA - 163),EASY,2849
☆12,Logic Board(ANOTHER),440,AA78.4%(AA + 21),FAILED,2661
☆12,Lords Of The Roundtable(ANOTHER),987,A74.17%(AA - 107),EASY,2191
☆12,LOST TECHNOLOGIE(ANOTHER),1008,B64.79%(A - 70),EASY,2396
☆12,LOUDER ROLLING THUNDER(ANOTHER),450,A69.82%(A + 104),EASY,2304
☆12,Love Is Eternity(ANOTHER),539,AA82.04%(AA + 120),HARD,2325
☆12,lower world(ANOTHER),776,A76.67%(AA - 28),HARD,1923
☆12,M4K3 1T B0UNC3(ANOTHER),857,AA79.95%(AA + 66),EASY,2432
☆12,Macho Monky(ANOTHER),884,AA78.22%(AA + 13),HARD,2381
☆12,Mare Nectaris(ANOTHER),,,,0
☆12,Matt Silver(ANOTHER),699,A74.81%(AA - 102),HARD,2551
☆12,MAX 300(ANOTHER),452,A75.23%(AA - 77),EASY,2251
☆12,MAX 360(ANOTHER),263,AA78.91%(AA + 36),HARD,2541
☆12,MAXIMUM CHEAT GIRL(ANOTHER),338,A76.8%(AA - 35),EASY,2745
☆12,MEGAERA(ANOTHER),511,A76.13%(AA - 60),FAILED,2756
☆12,Megalara Garuda(ANOTHER),931,A76.28%(AA - 45),EASY,2293
☆12,Meissa(ANOTHER),351,AA81.52%(AA + 105),HARD,2307
☆12,MENDES(ANOTHER),1366,B60.87%(B + 204),FAILED,2340
☆12,Million Dollar(ANOTHER),,,,0
☆12,minimalian(ANOTHER),566,AA78.72%(AA + 19),FAILED,1598
☆12,MINT(ANOTHER),889,AA78.76%(AA + 22),HARD,1832
☆12,Miracle 5ympho X(LEGGENDARIA),,,,0
☆12,moon_child(ANOTHER),1072,A73.36%(AA - 147),FAILED,2437
☆12,murmur twins(ANOTHER),894,AA79.04%(AA + 30),HARD,1878
☆12,n/a(ANOTHER),,,,0
☆12,Necroxis Girl(ANOTHER),1041,A73.06%(AA - 143),FAILED,2199
☆12,NEMESIS(ANOTHER),1183,C50.26%(B - 145),FAILED,1374
☆12,neu(ANOTHER),872,A72.99%(AA - 192),FAILED,2918
☆12,New Castle Legions(ANOTHER),1301,B63.01%(A - 116),EASY,2000
☆12,NEW GENERATION -もう、お前しか見えない-(LEGGENDARIA),603,B65.02%(A - 61),EASY,2385
☆12,Night sky(ANOTHER),796,AA79.72%(AA + 65),CLEAR,2666
☆12,Night! Night! Night!(ANOTHER),759,AA79.41%(AA + 48),HARD,2360
☆12,Nightmare before oversleep(ANOTHER),925,AA81.36%(AA + 113),HARD,2571
☆12,NINJA IS DEAD IIDX ver.(ANOTHER),964,AA80.97%(AA + 95),HARD,2429
☆12,NITROUS CANNON(ANOTHER),974,A70.92%(A + 157),EASY,2627
☆12,NNRT(ANOTHER),669,AA77.8%(AA + 0),HARD,3045
☆12,No Border(ANOTHER),746,A74.37%(AA - 133),EASY,2905
☆12,No.13(ANOTHER),783,A75.72%(AA - 68),EASY,2482
☆12,NZM(ANOTHER),862,A75.53%(AA - 80),EASY,2692
☆12,O/D*20(LEGGENDARIA),315,A71.99%(A + 218),EASY,2950
☆12,ONE AND ONLY(ANOTHER),568,A75.06%(AA - 90),HARD,2471
☆12,One for All(ANOTHER),961,A75.45%(AA - 73),EASY,2345
☆12,One More Lovely(ANOTHER),830,A76.24%(AA - 48),EASY,2374
☆12,one or eight(LEGGENDARIA),953,A73.77%(AA - 115),EASY,2104
☆12,ONIGOROSHI(ANOTHER),619,AA77.98%(AA + 6),HARD,2344
☆12,op.31 叙情(ANOTHER),467,A70.45%(A + 65),HARD,1209
☆12,oratio(ANOTHER),1115,A75.53%(AA - 64),HARD,2124
☆12,ORCA(ANOTHER),455,A73.87%(AA - 140),FAILED,2643
☆12,OTENAMI Hurricane(ANOTHER),864,A72.66%(AA - 179),EASY,2533
☆12,OTOKOZAKA(ANOTHER),381,AA77.89%(AA + 3),HARD,2575
☆12,Ou Legends(ANOTHER),421,A73.81%(AA - 135),EASY,2511
☆12,Out of Control(ANOTHER),511,A71.19%(A + 149),EASY,2348
☆12,Override(LEGGENDARIA),,,,0
☆12,Painful Fate(ANOTHER),840,A72.36%(AA - 182),EASY,2427
☆12,Papilio ulysses(ANOTHER),1512,A68.97%(A + 67),EASY,2003
☆12,PARADISE LOST(ANOTHER),703,A74.42%(AA - 123),FAILED,2709
☆12,PARANOiA ～HADES～(ANOTHER),1027,B56.56%(B + 30),FAILED,1733
☆12,Parvati(ANOTHER),554,AA82.48%(AA + 134),HARD,2359
☆12,Peaktime Booster(ANOTHER),722,A72.74%(AA - 159),EASY,2287
☆12,perditus†paradisus(ANOTHER),947,B57.02%(B + 61),FAILED,2405
☆12,Persephone(ANOTHER),811,AA80.74%(AA + 93),HARD,2540
☆12,Phoenix(LEGGENDARIA),,,,0
☆12,Plan 8(ANOTHER),834,A74.48%(AA - 105),EASY,2349
☆12,PLASMA SOUL NIGHT feat. Nana Takahashi / 709sec.(ANOTHER),545,A74.81%(AA - 133),EASY,3344
☆12,POODLE(LEGGENDARIA),754,AA82.43%(AA + 167),HARD,2961
☆12,POSSESSION(ANOTHER),964,A73.87%(AA - 134),FAILED,2528
☆12,Primitive Vibes(ANOTHER),477,AA84.52%(AAA - 135),HARD,2593
☆12,Proof of the existence(ANOTHER),1005,A76.25%(AA - 47),EASY,2324
☆12,PUNISHER(ANOTHER),1434,A70.36%(A + 135),EASY,2575
☆12,Purple Perplex(ANOTHER),811,A75.58%(AA - 66),EASY,2269
☆12,Push on Beats!～音ゲの国のeX-ストリーマー～(ANOTHER),542,A74.15%(AA - 129),EASY,2619
☆12,QQQ(HYPER),1003,AA78.68%(AA + 24),HARD,2118
☆12,Quakes(ANOTHER),402,AA78.83%(AA + 33),CLEAR,2543
☆12,QUANTUM TELEPORTATION(ANOTHER),1218,C55.0%(B - 23),FAILED,2199
☆12,QUANTUM TELEPORTATION(LEGGENDARIA),802,A68.38%(A + 62),FAILED,2496
☆12,quasar(ANOTHER),1560,B62.61%(A - 127),FAILED,1956
☆12,quaver♪(ANOTHER),853,A75.56%(AA - 84),EASY,2832
☆12,quell～the seventh slave～(ANOTHER),765,B60.47%(B + 172),FAILED,2119
☆12,ra'am(ANOTHER),,,,0
☆12,rage against usual(LEGGENDARIA),395,AA77.82%(AA + 1),EASY,2590
☆12,RAGE feat.H14 of LEONAIR(ANOTHER),,,,0
☆12,RAIN(ANOTHER),1239,A68.4%(A + 61),EASY,2401
☆12,rainbow guitar weeps(ANOTHER),1437,A70.86%(A + 141),EASY,2385
☆12,Raison d'etre～交差する宿命～(ANOTHER),1608,A68.95%(A + 84),EASY,2532
☆12,Rampage(ANOTHER),476,AAA90.32%(AAA + 56),HARD,3582
☆12,Raspberry Railgun(ANOTHER),683,AA81.85%(AA + 137),HARD,2773
☆12,Rave Cannon(ANOTHER),1181,AA77.8%(AA + 0),HARD,2485
☆12,Rave Patroller(ANOTHER),826,AA82.42%(AA + 154),HARD,2748
☆12,Rave*it!! Rave*it!!(ANOTHER),767,AA87.02%(AAA - 54),HARD,2494
☆12,RED ZONE(LEGGENDARIA),961,AA78.73%(AA + 28),HARD,2365
☆12,Red. by Full Metal Jacket(ANOTHER),1122,AA81.43%(AA + 114),HARD,2547
☆12,Red. by Jack Trance(ANOTHER),767,A73.67%(AA - 133),EASY,2375
☆12,Reflux(ANOTHER),1056,A71.74%(A + 171),EASY,2429
☆12,refrain(ANOTHER),898,A69.99%(A + 123),EASY,2598
☆12,reunion(ANOTHER),845,A73.16%(AA - 175),FAILED,2770
☆12,REVOLVER(LEGGENDARIA),,,,0
☆12,RINNE(ANOTHER),509,A75.83%(AA - 69),FAILED,2680
☆12,RISLIM -Remix-(ANOTHER),935,AA78.71%(AA + 21),EASY,1812
☆12,RIZING YOU UP(ANOTHER),1182,AA81.82%(AA + 135),EASY,2749
☆12,route 80s(ANOTHER),746,AA79.06%(AA + 23),EASY,1423
☆12,Rubrum Piano(ANOTHER),323,AA84.69%(AAA - 105),HARD,2107
☆12,RUGGED ASH(LEGGENDARIA),682,A75.81%(AA - 48),CLEAR,1824
☆12,ruin of opals(ANOTHER),690,A71.26%(A + 147),HARD,2286
☆12,rumrum triplets(ANOTHER),611,AA83.76%(AAA - 166),HARD,2702
☆12,SABER WING(ANOTHER),491,AA86.64%(AAA - 70),HARD,2684
☆12,sakura storm(ANOTHER),1002,AA80.74%(AA + 88),HARD,2419
☆12,SAMURAI-Scramble(LEGGENDARIA),1030,B60.43%(B + 153),FAILED,1900
☆12,"satellite020712 from ""CODED ARMS""(ANOTHER)",698,AA81.25%(AA + 115),HARD,2691
☆12,Saturn(LEGGENDARIA),209,A70.7%(A + 146),EASY,2565
☆12,Say YEEEAHH(ANOTHER),1396,A66.86%(A + 6),FAILED,2304
☆12,SCREAM SQUAD(ANOTHER),319,AA81.62%(AA + 82),HARD,1750
☆12,SCREW // owo // SCREW(ANOTHER),540,AA80.45%(AA + 82),EASY,2481
☆12,Scripted Connection⇒ A mix(LEGGENDARIA),401,A70.46%(A + 137),EASY,2559
☆12,Secrets(LEGGENDARIA),660,A71.3%(A + 180),EASY,2782
☆12,Sense 2007(HYPER),453,AA85.62%(AAA - 77),HARD,2019
☆12,Sense 2007(ANOTHER),594,AA78.46%(AA + 20),EASY,2313
☆12,SEQUENCE CAT(ANOTHER),868,B61.64%(A - 200),FAILED,2447
☆12,Session 9 -Chronicles-(ANOTHER),767,A75.71%(AA - 72),HARD,2621
☆12,Shooting Fireball(ANOTHER),722,AA78.91%(AA + 41),HARD,2907
☆12,Sigmund(ANOTHER),,,,0
☆12,Sigmund(LEGGENDARIA),,,,0
☆12,Silver Bullet(ANOTHER),628,A66.69%(A + 1),EASY,2385
☆12,Sinus Iridum(ANOTHER),,,,0
☆12,Sirius(ANOTHER),429,AA81.77%(AA + 122),HARD,2507
☆12,Skreaming for Salvation(ANOTHER),1002,A72.85%(AA - 156),EASY,2308
☆12,Sky High(ANOTHER),632,A73.41%(AA - 168),FAILED,2816
☆12,Slipstream(ANOTHER),791,A75.89%(AA - 65),HARD,2606
☆12,Smalt #28598F(ANOTHER),831,A72.52%(AA - 180),CLEAR,2473
☆12,Smashing Wedge(ANOTHER),,,,0
☆12,smile(ANOTHER),732,AA85.93%(AAA - 97),HARD,2798
☆12,Snake Stick(ANOTHER),1170,A68.55%(A + 53),EASY,1944
☆12,Snakey Kung-fu(ANOTHER),691,AA79.04%(AA + 45),EASY,2844
☆12,snow storm(ANOTHER),949,A76.63%(AA - 41),HARD,2682
☆12,Sol Cosine Job 2(ANOTHER),507,A76.22%(AA - 50),EASY,2433
☆12,SOLAR ECLIPSE(ANOTHER),513,A70.96%(A + 163),EASY,2698
☆12,SOLID STATE SQUAD(ANOTHER),769,A76.97%(AA - 31),EASY,2945
☆12,SOLID STATE SQUAD(LEGGENDARIA),,,,0
☆12,SOLID STATE SQUAD -RISEN RELIC REMIX-(ANOTHER),811,A75.98%(AA - 61),EASY,2565
☆12,Somnidiscotheque(ANOTHER),,,,0
☆12,Sounds Of Summer(ANOTHER),1011,AA80.08%(AA + 73),EASY,2561
☆12,SpaceLand☆TOYBOX(ANOTHER),578,AA80.66%(AA + 88),HARD,2465
☆12,SPECIAL SUMMER CAMPAIGN!(ANOTHER),842,AA81.09%(AA + 101),HARD,2475
☆12,Sphere(ANOTHER),577,AA87.71%(AAA - 27),HARD,1998
☆12,Spica(ANOTHER),403,AA79.14%(AA + 32),HARD,1904
☆12,spiral galaxy(LEGGENDARIA),,,,0
☆12,STARLIGHT DANCEHALL(LEGGENDARIA),1341,A72.99%(AA - 174),FAILED,2648
☆12,starmine(ANOTHER),912,AA81.15%(AA + 74),HARD,1782
☆12,State Of The Art(ANOTHER),987,A72.47%(AA - 187),HARD,2545
☆12,STEEL NEEDLE(LEGGENDARIA),,,,0
☆12,Stereo Beasts(ANOTHER),350,AA80.02%(AA + 82),EASY,2935
☆12,stoic(ANOTHER),791,A76.59%(AA - 36),EASY,2293
☆12,StrayedCatz(ANOTHER),994,A71.77%(A + 140),EASY,1975
☆12,STULTI(ANOTHER),1153,B59.09%(B + 105),FAILED,1768
☆12,Stylus(ANOTHER),588,A71.54%(A + 169),EASY,2491
☆12,Summer Vacation(CU mix)(HYPER),833,A75.19%(AA - 69),CLEAR,1997
☆12,Summerlights(IIDX Edition)(ANOTHER),1389,A74.73%(AA - 101),EASY,2472
☆12,Super Freak(ANOTHER),656,A73.42%(AA - 156),EASY,2627
☆12,Super Rush(ANOTHER),739,AAA89.09%(AAA + 7),HARD,3063
☆12,suspicions(ANOTHER),,,,0
☆12,Sweet Clapper(LEGGENDARIA),884,AA78.18%(AA + 13),EASY,2519
☆12,SWEET LAB(ANOTHER),405,AA79.21%(AA + 20),HARD,1139
☆12,Sword of Vengeance(ANOTHER),382,AA83.44%(AAA - 177),HARD,2695
☆12,SYNC-ANTHEM(ANOTHER),665,AA80.89%(AA + 107),EASY,2802
☆12,T-REX vs Velociraptor (In the Far east euphoria)(ANOTHER),572,AA83.51%(AAA - 173),HARD,2684
☆12,TECHNO Style Essentials(ANOTHER),817,A76.26%(AA - 46),HARD,2297
☆12,TECHNOPHOBIA(ANOTHER),738,A75.62%(AA - 67),EASY,2326
☆12,THE BLACK KNIGHT(ANOTHER),769,A77.05%(AA - 22),HARD,2296
☆12,THE BRAVE MUST DIE(ANOTHER),,,,0
☆12,The Chase(ANOTHER),764,A77.76%(AA - 1),EASY,1776
☆12,The Clown of 24stairs(ANOTHER),492,B64.5%(A - 78),FAILED,2304
☆12,THE DAY OF JUBILATIONS(ANOTHER),782,A74.14%(AA - 138),EASY,2792
☆12,THE DEEP STRIKER(LEGGENDARIA),,,,0
☆12,THE F∀UST(ANOTHER),847,B63.17%(A - 129),FAILED,2322
☆12,The Least 100sec(ANOTHER),708,A75.31%(AA - 68),HARD,2062
☆12,The Limbo(ANOTHER),675,A77.1%(AA - 22),EASY,2495
☆12,The Limbo(LEGGENDARIA),,,,0
☆12,THE PEERLESS UNDER HEAVEN(ANOTHER),893,A66.71%(A + 1),EASY,2403
☆12,The Rebellion of Sequencer(ANOTHER),,,,0
☆12,The Sampling Paradise(ANOTHER),886,A74.67%(AA - 103),EASY,2458
☆12,the trigger of innocence(LEGGENDARIA),569,AA83.71%(AAA - 211),HARD,3402
☆12,Thor's Hammer(ANOTHER),1407,B59.31%(B + 125),FAILED,1981
☆12,thunder HOUSE NATION Remix(LEGGENDARIA),562,A70.58%(A + 146),FAILED,2644
☆12,TIEFSEE(ANOTHER),605,AA79.63%(AA + 65),HARD,2814
☆12,Tiempo Loco(ANOTHER),720,A73.56%(AA - 147),EASY,2560
☆12,Time to Air(LEGGENDARIA),,,,0
☆12,Timepiece phase II(ANOTHER),493,A68.11%(A + 45),FAILED,2140
☆12,Timepiece phase II (CN Ver.)(ANOTHER),792,A69.74%(A + 81),EASY,1848
☆12,TITANS RETURN(LEGGENDARIA),,,,0
☆12,Todestrieb(ANOTHER),600,A77.76%(AA - 1),EASY,3048
☆12,TOGAKUSHI(ANOTHER),698,AA79.93%(AA + 57),HARD,2131
☆12,TOMAHAWK(ANOTHER),430,AA81.45%(AA + 135),EASY,2999
☆12,TOXIC VIBRATION(ANOTHER),989,A70.34%(A + 156),EASY,3002
☆12,TRANOID(ANOTHER),703,A72.79%(AA - 114),EASY,1661
☆12,TRANOID(LEGGENDARIA),,,,0
☆12,Trill auf G(ANOTHER),539,A77.58%(AA - 7),EASY,2498
☆12,Triple Counter(ANOTHER),848,A77.14%(AA - 26),EASY,3081
☆12,Triple Cross(ANOTHER),590,AA79.89%(AA + 71),EASY,2705
☆12,tripping contact(teranoid&MC Natsack Remix)(ANOTHER),620,AA81.78%(AA + 109),EASY,2236
☆12,TRIUMPH(ANOTHER),654,AA85.16%(AAA - 127),HARD,2880
☆12,TROOPERS(ANOTHER),475,AA86.51%(AAA - 77),HARD,2796
☆12,True Blue(ANOTHER),895,A75.92%(AA - 67),HARD,2695
☆12,Twelfth Style(LEGGENDARIA),563,A73.74%(AA - 142),EASY,2578
☆12,Ubertreffen(LEGGENDARIA),773,A71.04%(A + 138),EASY,2249
☆12,Umbral(LEGGENDARIA),360,AA81.48%(AA + 112),HARD,2464
☆12,Unbelief(ANOTHER),645,A68.65%(A + 68),EASY,2356
☆12,Unicorn tail(ANOTHER),592,AA85.43%(AAA - 127),HARD,3132
☆12,Usual Days-remix(ANOTHER),587,A76.26%(AA - 45),EASY,2248
☆12,Valanga(ANOTHER),677,AA79.55%(AA + 64),EASY,2875
☆12,VANESSA(ANOTHER),966,B62.88%(A - 99),FAILED,1631
☆12,VANESSA(LEGGENDARIA),,,,0
☆12,Verflucht(ANOTHER),891,B61.24%(A - 212),EASY,2387
☆12,Verflucht(LEGGENDARIA),,,,0
☆12,Vermilion Carol(ANOTHER),477,A74.82%(AA - 105),EASY,2653
☆12,Vinculum stellarum(ANOTHER),685,A71.28%(A + 175),EASY,2713
☆12,Violet Pulse(LEGGENDARIA),,,,0
☆12,Viridian(ANOTHER),644,A71.51%(A + 177),EASY,2620
☆12,Visterhv(ANOTHER),606,AA80.58%(AA + 100),EASY,2872
☆12,Vitrum(ANOTHER),867,A73.78%(AA - 137),HARD,2513
☆12,VOLAQUAS(ANOTHER),438,A74.36%(AA - 137),EASY,2979
☆12,voltississimo(ANOTHER),1241,A70.92%(A + 155),EASY,2587
☆12,VOX UP(ANOTHER),762,A73.53%(AA - 158),EASY,2728
☆12,VØID(ANOTHER),377,B66.41%(A - 9),EASY,2270
☆12,Wanna Party?(LEGGENDARIA),946,AA82.81%(AA + 133),EASY,2196
☆12,waxing and wanding(LEGGENDARIA),,,,0
☆12,We're so Happy (P*Light Remix) IIDX ver.(ANOTHER),907,AA79.22%(AA + 49),HARD,2719
☆12,Welcome(LEGGENDARIA),588,A73.92%(AA - 136),EASY,2605
☆12,WHA(ANOTHER),365,A72.23%(A + 214),EASY,2785
☆12,WONDER WALKER(ANOTHER),873,AA78.05%(AA + 10),HARD,2991
☆12,X(ANOTHER),1085,B61.77%(A - 205),FAILED,2577
☆12,X-DEN(ANOTHER),1231,C53.04%(B - 112),FAILED,2355
☆12,Xb10r(ANOTHER),,,,0
☆12,Xerulean(ANOTHER),651,B62.44%(A - 153),FAILED,2253
☆12,Xlo(ANOTHER),1149,A68.83%(A + 83),EASY,2665
☆12,Xperanza(ANOTHER),549,AA86.54%(AAA - 80),HARD,2939
☆12,Y&Co. is dead or alive(ANOTHER),457,A72.63%(AA - 146),EASY,2054
☆12,YAKSHA(ANOTHER),1125,B65.08%(A - 65),EASY,2646
☆12,yellow head joe(ANOTHER),683,AA82.51%(AA + 136),HARD,2373
☆12,Ypsilon(LEGGENDARIA),755,A71.46%(A + 172),EASY,2567
☆12,ZEPHYRANTHES(LEGGENDARIA),697,A71.71%(A + 200),EASY,2847
☆12,ZETA～素数の世界と超越者～(ANOTHER),891,A76.83%(AA - 36),EASY,2838
☆12,Zirkfied(ANOTHER),791,A69.43%(A + 104),EASY,2634
☆12,ZZ(ANOTHER),708,AA79.33%(AA + 51),HARD,2613
☆12,ΕΛΠΙΣ(ANOTHER),931,A71.56%(A + 154),EASY,2257
☆12,ΕΛΠΙΣ(LEGGENDARIA),609,B64.93%(A - 63),FAILED,2357
☆12,†渚の小悪魔ラヴリィ～レイディオ†(IIDX EDIT)(ANOTHER),,,FAILED,0
☆12,∀(ANOTHER),684,A73.84%(AA - 148),EASY,2775
☆12,〆(ANOTHER),832,AA79.98%(AA + 85),HARD,3092
☆12,《PL|RAYER》(ANOTHER),529,AA84.27%(AAA - 132),HARD,2395
☆12,お米の美味しい炊き方、そしてお米を食べることによるその効果。(LEGGENDARIA),702,A67.39%(A + 27),EASY,2515
☆12,お菓子の王国(ANOTHER),875,A73.72%(AA - 174),EASY,3148
☆12,がっつり陰キャ!? 怪盗いいんちょの億劫^^;(ANOTHER),709,A73.21%(AA - 198),EASY,3164
☆12,それは花火のような恋(ANOTHER),1386,A71.45%(A + 184),EASY,2758
☆12,ぞうしょく！？マイデンティティ(ANOTHER),546,A72.16%(A + 196),EASY,2579
☆12,たまゆら(ANOTHER),695,AA82.89%(AA + 147),HARD,2389
☆12,めいさいアイドル☆あいむちゃん♪(ANOTHER),800,A72.84%(AA - 182),EASY,2676
☆12,アストライアの双皿(ANOTHER),805,A71.9%(A + 158),EASY,2177
☆12,イザナミノナゲキ(ANOTHER),868,A75.98%(AA - 64),FAILED,2688
☆12,カゴノトリ～弐式～(ANOTHER),854,A70.05%(A + 107),FAILED,2222
☆12,カジノファイヤーことみちゃん(ANOTHER),699,B66.28%(A - 12),CLEAR,1958
☆12,キャトられ恋はモ～モク(ANOTHER),686,B65.59%(A - 46),FAILED,2781
☆12,シムルグの目醒め(ANOTHER),837,A72.2%(A + 201),EASY,2621
☆12,シュレーディンガーの猫(ANOTHER),825,A72.46%(AA - 180),EASY,2442
☆12,スーパー戦湯ババンバーン(ANOTHER),483,AA81.26%(AA + 118),HARD,2766
☆12,ディスコルディア(ANOTHER),346,A73.05%(AA - 198),EASY,3052
☆12,デモーニッシュ(LEGGENDARIA),432,AA79.92%(AA + 68),EASY,2540
☆12,トリカゴノ鳳凰(ANOTHER),866,AA79.34%(AA + 53),HARD,2712
☆12,ハイテックトキオ(LEGGENDARIA),608,A75.87%(AA - 64),HARD,2534
☆12,バッド・スイーツ、バッド・ドリーム(ANOTHER),455,AA83.02%(AA + 161),HARD,2562
☆12,バンブーソード・ガール(ANOTHER),1043,A71.48%(A + 160),EASY,2376
☆12,ピアノ協奏曲第1番”蠍火” (BlackY Remix)(ANOTHER),500,A75.94%(AA - 72),FAILED,2942
☆12,ピアノ協奏曲第１番”蠍火”(ANOTHER),933,A68.61%(A + 67),FAILED,2374
☆12,"ピアノ独奏無言歌 ""灰燼""(ANOTHER)",,,,0
☆12,ミッドナイト堕天使(ANOTHER),752,AA84.73%(AAA - 130),HARD,2630
☆12,ミラージュ・レジデンス(ANOTHER),842,AA79.96%(AA + 67),HARD,2458
☆12,リリーゼと炎龍レーヴァテイン(ANOTHER),671,AA79.25%(AA + 54),HARD,2929
☆12,ワルツ第17番 ト短調”大犬のワルツ”(ANOTHER),537,A69.72%(A + 139),EASY,3193
☆12,世界の果てに約束の凱歌を -ReUnion-(ANOTHER),699,AA78.26%(AA + 18),EASY,3002
☆12,九尾狐夜行(ANOTHER),837,AA83.3%(AA + 169),HARD,2549
☆12,二人ノ廃城幽踊宴(ANOTHER),,,,0
☆12,仮想空間の旅人たち(LEGGENDARIA),1247,A72.84%(AA - 180),EASY,2647
☆12,伐折羅-vajra-(ANOTHER),1040,B65.69%(A - 36),FAILED,2403
☆12,俺ら東京さ行ぐだ(LEGGENDARIA),386,A70.59%(A + 144),EASY,2599
☆12,儚キ戀ノ幻想譚(ANOTHER),675,A74.33%(AA - 124),EASY,2676
☆12,共鳴遊戯の華(ANOTHER),1259,C52.58%(B - 123),FAILED,2160
☆12,冥(ANOTHER),967,B55.9%(B + 13),EASY,2236
☆12,凛として咲く花の如く(LEGGENDARIA),1054,AA84.57%(AAA - 153),HARD,2987
☆12,刃図羅(ANOTHER),935,AA78.94%(AA + 41),HARD,2826
☆12,千年ノ理(ANOTHER),1137,A73.93%(AA - 137),EASY,2623
☆12,千年ノ理(LEGGENDARIA),,,,0
☆12,卑弥呼(ANOTHER),,,,0
☆12,即席！脳直★ミュージックシステム(ANOTHER),486,AA79.48%(AA + 59),HARD,2758
☆12,君のハートにロックオン(ANOTHER),599,A67.31%(A + 23),FAILED,2473
☆12,嘆きの樹(ANOTHER),786,A72.9%(AA - 196),FAILED,2916
☆12,夏色DIARY - L.E.D.-G STYLE MIX -(ANOTHER),883,A76.25%(AA - 42),HARD,2100
☆12,天空の夜明け(ANOTHER),1469,C54.02%(B - 70),FAILED,2443
☆12,天邪鬼(ANOTHER),584,A76.85%(AA - 33),EASY,2702
☆12,子供の落書き帳(ANOTHER),802,A72.89%(AA - 123),HARD,1828
☆12,少年A(ANOTHER),662,A71.79%(A + 139),EASY,1947
☆12,少年は空を辿る(ANOTHER),591,A70.07%(A + 130),EASY,2674
☆12,廿(LEGGENDARIA),773,A73.82%(AA - 141),FAILED,2631
☆12,恋する☆宇宙戦争っ！！(ANOTHER),743,AA83.4%(AAA - 205),HARD,3099
☆12,恋する☆宇宙戦争っ！！(LEGGENDARIA),421,A72.98%(AA - 219),EASY,3322
☆12,恋愛＝精度×認識力(ANOTHER),383,A76.52%(AA - 44),EASY,2626
☆12,抱きしめてモナムール(ANOTHER),638,AA79.36%(AA + 67),EASY,3379
☆12,摩天楼(ANOTHER),467,A75.84%(AA - 52),EASY,1996
☆12,旅人リラン(ANOTHER),614,AA78.07%(AA + 8),HARD,2303
☆12,旋律のドグマ～Miserables～(ANOTHER),806,A74.49%(AA - 130),EASY,2941
☆12,最小三倍完全数(ANOTHER),464,AA78.18%(AA + 11),EASY,2211
☆12,東京神話(ANOTHER),718,A74.76%(AA - 93),EASY,2292
☆12,栄冠のカンパネラ(ANOTHER),603,A68.92%(A + 90),FAILED,2757
☆12,桜(ANOTHER),362,AA80.85%(AA + 64),HARD,1693
☆12,水鏡の異界(ANOTHER),579,A73.8%(AA - 133),HARD,2462
☆12,泰東ノ翠霞(ANOTHER),527,A77.07%(AA - 19),HARD,1990
☆12,津軽雪(ANOTHER),1040,A66.87%(A + 8),EASY,2810
☆12,海神(ANOTHER),851,A75.56%(AA - 69),EASY,2353
☆12,深淵に捧ぐレクイエム(ANOTHER),781,AA80.6%(AA + 82),HARD,2347
☆12,火影(ANOTHER),897,A77.29%(AA - 14),HARD,2212
☆12,灼熱 Pt.2 Long Train Running(ANOTHER),1693,B60.62%(B + 175),FAILED,2100
☆12,灼熱Beach Side Bunny(ANOTHER),906,A69.06%(A + 81),ASSIST,2337
☆12,"灼熱Beach Side Bunny (かめりあ's ""Summertime D'n'B"" Remix)(ANOTHER)",453,A74.51%(AA - 107),EASY,2435
☆12,烽火連天の刃(ANOTHER),734,A69.6%(A + 104),EASY,2475
☆12,焔極OVERKILL(ANOTHER),892,A72.61%(AA - 206),FAILED,2881
☆12,煉獄のエルフェリア(ANOTHER),994,B61.36%(A - 207),FAILED,2387
☆12,狂イ咲ケ焔ノ華(ANOTHER),382,AA81.65%(AA + 146),HARD,3093
☆12,疾風迅雷(ANOTHER),715,A71.56%(A + 163),FAILED,2390
☆12,疾風迅雷(LEGGENDARIA),,,,0
☆12,真 地獄超特急 -HELL or HELL-(ANOTHER),1760,A71.38%(A + 167),EASY,2531
☆12,神のシナリオ(ANOTHER),480,AA77.98%(AA + 6),EASY,2542
☆12,神謳 -RESONANCE-(ANOTHER),1337,A72.34%(AA - 223),EASY,2969
☆12,禊(ANOTHER),856,A73.63%(AA - 132),HARD,2337
☆12,童話回廊(ANOTHER),776,AA79.67%(AA + 55),HARD,2355
☆12,紫陽花 -AZISAI-(ANOTHER),678,AA81.15%(AA + 100),HARD,2428
☆12,終焔のClaudia(ANOTHER),446,A77.65%(AA - 4),HARD,2165
☆12,聖人の塔(ANOTHER),752,A67.9%(A + 49),EASY,2712
☆12,華爛漫 -Flowers-(LEGGENDARIA),499,A76.06%(AA - 59),EASY,2615
☆12,華蝶風雪(ANOTHER),653,AA88.72%(AAA - 5),HARD,2628
☆12,華蝶風雪(LEGGENDARIA),,,,0
☆12,華麗なる大犬円舞曲(ANOTHER),937,A71.2%(A + 166),EASY,2613
☆12,表裏一体！？怪盗いいんちょの悩み(ANOTHER),758,A72.93%(AA - 206),EASY,3095
☆12,表裏一体！？怪盗いいんちょの悩み(LEGGENDARIA),301,A71.88%(A + 249),FAILED,3436
☆12,超青少年ノ為ノ超多幸ナ超古典的超舞曲(ANOTHER),1189,A76.17%(AA - 54),HARD,2515
☆12,超青少年ノ為ノ超多幸ナ超古典的超舞曲(LEGGENDARIA),,,,0
☆12,轟け！恋のビーンボール！！(ANOTHER),478,AA78.3%(AA + 18),HARD,2778
☆12,逆月(ANOTHER),622,AA77.84%(AA + 2),CLEAR,2877
☆12,金野火織の金色提言(ANOTHER),827,AA78.28%(AA + 16),EASY,2624
☆12,閠槞彁の願い(ANOTHER),1051,B65.81%(A - 29),FAILED,2215
☆12,雪上断火(ANOTHER),621,AA82.63%(AA + 139),HARD,2378
☆12,雪月花(ANOTHER),718,A74.66%(AA - 88),HARD,2107
☆12,電人、暁に斃れる。(ANOTHER),1143,A66.71%(A + 1),EASY,2311
☆12,電光(ANOTHER),313,AA82.3%(AA + 146),HARD,2660
☆12,革命(HYPER),653,A72.91%(AA - 118),HARD,1763
☆12,革命(ANOTHER),798,A67.88%(A + 34),EASY,1902
☆12,音楽(ANOTHER),418,A75.42%(AA - 65),EASY,2065
☆12,駅猫のワルツ(ANOTHER),1187,B64.43%(A - 73),FAILED,2107
☆12,鬼天(ANOTHER),1344,A67.48%(A + 24),EASY,1980
☆12,魅惑のYUMMYスイーツ(ANOTHER),626,A69.18%(A + 87),FAILED,2391
☆12,魔法のかくれんぼ(ANOTHER),722,A72.12%(A + 167),EASY,2207
☆12,黒髪乱れし修羅となりて(ANOTHER),773,A74.23%(AA - 125),HARD,2598
☆12,龍と少女とデコヒーレンス(LEGGENDARIA),828,A70.64%(A + 137),EASY,2433
☆12,龍王の霊廟(Mausoleum Of The Primal Dragon)(LEGGENDARIA),524,A68.67%(A + 82),EASY,2810
☆12,Ｘ↑Ｘ↓(ANOTHER),614,AA80.19%(AA + 79),HARD,2659
